createdAtBlockNumber,createdAtTimestamp,id,reserve0,reserve1,reserveETH,token00.id,token00.name,token00.symbol,token00.totalLiquidity,token00.decimals,token00.txCount,token00_creator_address,token11.decimals,token11.id,token11.name,token11.symbol,token11.totalLiquidity,token11.txCount,initial_Liquidity_Eth,initial_Liquidity_token,last_transaction_timestamp,last_transaction_date,mint_count,swap_count,burn_count,mint_mean_period,swap_mean_period,burn_mean_period,swapIn,swapOut,active_period,rugpull_method,rugpull_timestamp,rugpull_timestamp_date,before_rugpull_Eth,after_rugpull_Eth,rugpull_change,rugpull_proceeding_hour,is_rugpull,feature_timestamp,mint_ratio,swap_ratio,burn_ratio,swap_rate,LP_Creator_amount,LP_Creator_address,LP_avg,LP_stdev,initial_supply,receiver_list,current_token_total_supply
11298686,2020-11-21,0x1d991fba2807fb1de3f0e9b95e06376afdecfc03,10000.0,1e-18,1e-18,0xa548f1cdbef49b90f903d71b4b766349c9c0dcd5,Tett,tett,10000.0,18,10,0xfc79fa3660aa166dc07b0bb3c7e3c3a7e982521b,18,0xc02aaa39b223fe8d0a0e5c4f27ead9083c756cc2,Wrapped Ether,WETH,545289.5436,60733965,30.0,10000.0,1605985215,2020-11-22 4:00,3,4,3,13255,15701,13594,2,2,60422,burn,1605925443,2020-11-21 11:24,30.0,5.5e-17,-1.0,0.18055555555555555h,True,1605925443,,,,,,,,,10000.0,[{'address': '0xfc79fa3660aa166dc07b0bb3c7e3c3a7e982521b'}],
11298817,2020-11-21,0x5fea6803e24bc5272548de9799a35174bb816c07,9562.52931,1e-18,1e-18,0x467b62e8effc0a29a2961d1e7b84470054bbe90f,Tett,tett,9562.52931,18,10,0xfc79fa3660aa166dc07b0bb3c7e3c3a7e982521b,18,0xc02aaa39b223fe8d0a0e5c4f27ead9083c756cc2,Wrapped Ether,WETH,545289.5436,60733965,30.0,10000.0,1605965819,2020-11-21 22:36,3,4,3,12826,19610,13101,3,1,39136,burn,1605927043,2020-11-21 11:50,38.0,7e-17,-1.0,0.1h,True,1605927043,,,,,,,,,10000.0,[{'address': '0xfc79fa3660aa166dc07b0bb3c7e3c3a7e982521b'}],
11298754,2020-11-21,0xcf5357fd4f1945ba6e0c23a7cf5a414b6daf41f8,10000.0,1e-18,1e-18,0x1335b12bf32139556cc9806d641977c6862b5cf5,Tett,tett,10000.0,18,9,0xfc79fa3660aa166dc07b0bb3c7e3c3a7e982521b,18,0xc02aaa39b223fe8d0a0e5c4f27ead9083c756cc2,Wrapped Ether,WETH,545289.5436,60733965,30.0,10000.0,1605967822,2020-11-21 23:10,2,4,3,20049,31154,27560,3,1,42042,burn,1605926078,2020-11-21 11:34,38.0,7e-17,-1.0,0.08277777777777778h,True,1605926078,,,,,,,,,10000.0,[{'address': '0xfc79fa3660aa166dc07b0bb3c7e3c3a7e982521b'}],
11298775,2020-11-21,0x1eb8e4c3e5ddb4972fd5af54f45fb29c18c74b6e,10000.0,1e-18,1e-18,0x29cc94ade79ad6862d03983275546876508dfbe6,Tett,tett,10000.0,18,7,0xfc79fa3660aa166dc07b0bb3c7e3c3a7e982521b,18,0xc02aaa39b223fe8d0a0e5c4f27ead9083c756cc2,Wrapped Ether,WETH,545289.5436,60733965,30.0,10000.0,1605967765,2020-11-21 23:09,1,5,1,0,16834,371,3,2,41613,burn,1605926523,2020-11-21 11:42,39.6345293,1e-18,-1.0,0.10305555555555555h,True,1605926523,,,,,,,,,10000.0,[{'address': '0xfc79fa3660aa166dc07b0bb3c7e3c3a7e982521b'}],
11512679,2020-12-23,0xc1a0d05748178c31efefe2a8a321b1f2b1eccd46,1.12e-12,0.008271437,1.78e-07,0xded8995bfdb224f955905bd459cbda2cccc98dd2,TRFY,TRFY,823568.5424,9,388,0xfbe6599961d032ef8f83616e1dfafffd9ef6dc0d,18,0xc02aaa39b223fe8d0a0e5c4f27ead9083c756cc2,Wrapped Ether,WETH,545289.5436,60733965,0.1,0.990000009,1609154459,2020-12-28 20:20,1,3,1,0,260166,67,2,1,390249,burn,1608764277,2020-12-24 7:57,0.6,6.03e-11,-1.0,0.01861111111111111h,True,1608764277,,,,,,,,,1000000.0,[{'address': '0xfbe6599961d032ef8f83616e1dfafffd9ef6dc0d'}],
11132418,2020-10-26,0xff39617c1b78a12a7e840d362d7348ed63db7ccd,0.240305309,0.028595041,0.240305309,0xe7fd6f20c141f557398bcd10b12f5282fea702f5,Indos,INDO,0.028595041,18,9,0xf8120288a8f61a45c5958cddc03f24d0bb3f7421,18,0xc02aaa39b223fe8d0a0e5c4f27ead9083c756cc2,Wrapped Ether,WETH,545292.2038,60734008,0.1,1000.0,1604069655,2020-10-30 23:54,3,4,2,211248,342842,315625,4,0,349130,burn,1604004941,2020-10-30 5:55,0.1,1e-17,-1.0,79.00444444444445h,True,1604004941,,,,,,,,,1000000.0,[{'address': '0xf8120288a8f61a45c5958cddc03f24d0bb3f7421'}],
12923551,2021-07-29,0x6b9d8ffa0ee0677255297ff9f94d4ebdf74590c6,56808168.83,0.626379486,0.626379486,0xa96f31f1c187c28980176c3a27ba7069f48abde4,Ethereum Gold Project,ETGP,56808168.83,8,1176,0xf14e2952a6a71c342cba3d7aa4ed932151964945,18,0xc02aaa39b223fe8d0a0e5c4f27ead9083c756cc2,Wrapped Ether,WETH,545612.34,60733867,0.00558,29224000.0,1636861194,2021-11-14 3:39,11,1163,2,2527181,5271842,1397325,740,423,9260871,burn,1627602697,2021-07-29 23:51,0.00558,1.38e-15,-1.0,0.6594444444444445h,True,1627602697,,,,,,,,,6000000000.0,[{'address': '0xf14e2952a6a71c342cba3d7aa4ed932151964945'}],6000000000.0
12617641,2021-06-12,0x51148202a5d4ce40a69028bd2fbb2a34cfac726f,6.32e-10,1e-18,1e-18,0x9195b88fab92d0c5085682dba7f4503db560afe1,Flying Pigs,OINK,6.35e-10,18,12,0xecf616011e97feb13ab3a33afdcba79aedc2d79b,18,0xc02aaa39b223fe8d0a0e5c4f27ead9083c756cc2,Wrapped Ether,WETH,545613.599,60733891,0.05,20000000000.0,1623518584,2021-06-13 2:23,1,0,1,0,0,45766,0,0,45766,burn,1623518584,2021-06-13 2:23,0.05,1e-18,-1.0,12.712777777777777h,True,1623518584,,,,,,,,,50000000000.0,[{'address': '0xecf616011e97feb13ab3a33afdcba79aedc2d79b'}],
11231197,2020-11-10,0x68a0e093ffd5cf1edc7255a52714913a21a38a53,105.0,0.000511033,0.000511033,0x14449de7937fe1c1207006e92f89dee17bbe418a,MELE,MLC,105.0,18,17,0xec01003fd6fd764893da3e1eeba4a1059fcfc9d3,18,0xc02aaa39b223fe8d0a0e5c4f27ead9083c756cc2,Wrapped Ether,WETH,545289.5436,60733965,0.25,25.0,1624689354,2021-06-26 6:35,2,14,1,728296,16484508,5709,3,11,19659390,burn,1605035673,2020-11-10 19:14,0.25,1e-16,-1.0,1.5858333333333334h,True,1605035673,,,,,,,,,1000000000.0,[{'address': '0xec01003fd6fd764893da3e1eeba4a1059fcfc9d3'}],
12377309,2021-05-05,0xcb0d2861a2aa32a0f4521dccb78c5d33dac8fa93,7123.946791,0.009793084,0.03186396,0x4aa41bc1649c9c3177ed16caaa11482295fc7441,XFIT,XFIT,90118362.08,18,7774,0xead228765b6af8ff5e68a55d44fed0d4efb777d5,18,0xc02aaa39b223fe8d0a0e5c4f27ead9083c756cc2,Wrapped Ether,WETH,545617.5446,60733927,0.1,1500.0,1636011317,2021-11-04 7:35,5,5,3,4679791,4868766,1305467,2,3,15753018,burn,1620259154,2021-05-05 23:59,0.1,9e-18,-1.0,0.2375h,True,1620259154,,,,,,,,,400000000.0,[{'address': '0xfc675877a7ab97a2ff02215b2b15ea7ba802054f'}],
12023072,2021-03-12,0x693ae172e12f562024ef77277388f779e7980a10,1e-18,0.35685,0.35685,0x48cf01fcbbf6a471b2b37a8e199eae6335ab1d9c,Argon Token,ARGON,1e-18,18,13,0xe959ab094cc912312a1edd9b4812663c508fbfb6,18,0xc02aaa39b223fe8d0a0e5c4f27ead9083c756cc2,Wrapped Ether,WETH,545617.5446,60733927,0.1,1000.0,1628263505,2021-08-06 15:25,3,6,4,833,2121011,942741,2,4,12719664,burn,1615543992,2021-03-12 10:13,0.1,1e-17,-1.0,0.041944444444444444h,True,1615543992,,,,,,,,,100000000.0,[{'address': '0xe959ab094cc912312a1edd9b4812663c508fbfb6'}],
11228277,2020-11-10,0x9b64c68253f288f99313272e2f320eed5d973905,5170.183333,0.01,0.01,0x7e41cd76a4ef9541e959b62b495e27b7f0627b5c,BOMBSHELL,BNBv1,5170.183333,18,12,0xe5e0647e9c3dac11f8c05e5c36158cd56391e316,18,0xc02aaa39b223fe8d0a0e5c4f27ead9083c756cc2,Wrapped Ether,WETH,545289.5436,60733965,0.15,1000000.0,1633954952,2021-10-11 12:22,5,3,4,17255368,19121390,14398755,2,1,28964736,burn,1604990335,2020-11-10 6:38,0.15,1e-18,-1.0,0.03305555555555555h,True,1604990335,,,,,,,,,1000000.0,[{'address': '0xe5e0647e9c3dac11f8c05e5c36158cd56391e316'}],
11317685,2020-11-24,0x5428717b7baed889f2fd55cf4627ed256acd310b,4.2e-17,2.65e-14,8.4e-17,0xe3f3869ddd41c23eff3630f58e5bfa584c770d67,Lock3r,LK3R,2.65e-14,18,6655,0xe55e914e86f09dc19f19784ca88ee1b61b38bf90,18,0xc02aaa39b223fe8d0a0e5c4f27ead9083c756cc2,Wrapped Ether,WETH,545289.5436,60733965,0.05,0.3,1621817014,2021-05-24 0:43,7,6639,6,99040,368352,4399851,3501,3138,15639929,burn,1606177971,2020-11-24 0:32,0.05,4.09e-16,-1.0,0.2461111111111111h,True,1606177971,,,,,,,,,200000.0,[{'address': '0xe55e914e86f09dc19f19784ca88ee1b61b38bf90'}],
12430984,2021-05-14,0x6459712986e2251670023e88ad8305ffa45ae8ee,8e-09,1.43e-13,1.43e-13,0x00a9a70b94fc1f97141f99d90a3471cf49edadd9,DogeBlayze INU,DBI,8e-09,9,11,0xe20b9d3d3b0c96010c6c852c457dc721fd1c7c13,18,0xc02aaa39b223fe8d0a0e5c4f27ead9083c756cc2,Wrapped Ether,WETH,545617.5446,60733927,1e-05,0.98,1621179083,2021-05-17 0:31,3,5,3,30032,92707,69208,5,0,204048,burn,1620976225,2021-05-14 16:10,1e-05,1.01e-13,-0.99999999,0.33055555555555555h,True,1620976225,,,,,,,,,10000000000000.0,[{'address': '0xe20b9d3d3b0c96010c6c852c457dc721fd1c7c13'}],
12675962,2021-06-21,0xac5d5dff6913b6466be9fc21e30328981cdbb7ec,0.01,1.04e-11,1.04e-11,0xbbcd3e4eb43aa7f3f57286da31333d53b24d0d6a,Laro,LRC,0.01,2,18,0xdff1619846aca30c8d24852bd8f89f3989164c88,18,0xc02aaa39b223fe8d0a0e5c4f27ead9083c756cc2,Wrapped Ether,WETH,545612.5421,60733885,0.001,200000.0,1626093813,2021-07-12 12:43,4,10,4,1178398,1718864,1629595,10,0,1837837,burn,1625327663,2021-07-03 15:54,0.001,7.07e-12,-0.999999993,297.69083333333333h,True,1625327663,,,,,,,,,1000000000000.0,[{'address': '0xdff1619846aca30c8d24852bd8f89f3989164c88'}],
11738864,2021-01-27,0xe384fc928b8cf9daade891a944abcc0efa8a01f6,21012.5,0.018513107,0.018513107,0x37481826a9326176264abd74075b6b1500d33c26,Digital Cash Token,DCT,21012.5,18,6,0xdc22394acaee4ae57dcead6c8639d315ed9c5696,18,0xc02aaa39b223fe8d0a0e5c4f27ead9083c756cc2,Wrapped Ether,WETH,545613.2252,60733960,0.3,800.0,1613931217,2021-02-22 3:13,2,3,1,61918,1363297,14147,0,3,2166928,burn,1611778436,2021-01-28 5:13,0.3,2e-17,-1.0,3.9297222222222223h,True,1611778436,,,,,,,,,100000000000.0,[{'address': '0xdc22394acaee4ae57dcead6c8639d315ed9c5696'}],
11244653,2020-11-12,0xecf799c2608050fc4a18db4c4926f81d780d4f06,500176.6025,0.028303032,0.028303032,0x33df153fc823f3ac4c051edcddf82f161abefa54,M8 Token,M8,500176.6025,18,10,0xdbe00f84c8f34ba3ef4da650f5ee9f7efe826ca4,18,0xc02aaa39b223fe8d0a0e5c4f27ead9083c756cc2,Wrapped Ether,WETH,545289.5436,60733965,0.02,25000000.0,1605574965,2020-11-17 10:02,2,7,1,392,68705,495,7,0,366178,burn,1605209282,2020-11-13 4:28,0.02,1e-18,-1.0,0.1375h,True,1605209282,,,,,,,,,75000000.0,[{'address': '0xdbe00f84c8f34ba3ef4da650f5ee9f7efe826ca4'}],
11431426,2020-12-11,0xddb012390e89342a339ab4c4d49ec99ff9ce53b2,6879.498663,4.38e-06,4.38e-06,0xac27423fe4394a7196020ef4e9fd0a6a73fa744c,DeTrade.Fund,DTF,6879.498663,18,11,0xdbbe7f36dff2074d0576c3b070161585c03871ec,18,0xc02aaa39b223fe8d0a0e5c4f27ead9083c756cc2,Wrapped Ether,WETH,545289.5436,60733965,0.1,30.0,1609441590,2021-01-01 4:06,2,8,1,18518,339221,7259,1,7,1754322,burn,1607694527,2020-12-11 22:48,0.1,5.8e-17,-1.0,2.016388888888889h,True,1607694527,,,,,,,,,1000000.0,[{'address': '0xdbbe7f36dff2074d0576c3b070161585c03871ec'}],
11561617,2020-12-31,0x14f3e431d7ebc394bcfd4a0dd594f37473a44de3,3306553.221,5.44e-05,5.44e-05,0x17844662be14bf5caa350038644382d9aaab8197,Findora,FRA,3306553.221,18,11,0xd73e1a8f589774311f9a5bca958062eeea2798ed,18,0xc02aaa39b223fe8d0a0e5c4f27ead9083c756cc2,Wrapped Ether,WETH,545289.5436,60733965,0.1337,1337.0,1631510227,2021-09-13 14:17,1,10,0,0,13465256,0,8,2,22096586,swap,1609432304,2021-01-01 1:31,0.1337,2.56e-05,-0.999808462,5.184166666666667h,True,1609432304,,,,,,,,,835800000.0,[{'address': '0xd73e1a8f589774311f9a5bca958062eeea2798ed'}],
11266639,2020-11-16,0x59ba1c63109d35b6e1a44bb66162dbb2bb61e74d,3.83e-14,3.8e-17,3.8e-17,0x5dd8a946039281beeea95af643d3c74cf1ff3add,PRADO,ENGv3,3.83e-14,18,22,0xd712189b138dfc3ffc0836c9f342c86b9d152a5c,18,0xc02aaa39b223fe8d0a0e5c4f27ead9083c756cc2,Wrapped Ether,WETH,545289.5436,60733965,0.14,10000.0,1605506801,2020-11-16 6:06,8,6,8,2643,2653,2738,6,0,7699,burn,1605499188,2020-11-16 3:59,0.14,4e-18,-1.0,0.02388888888888889h,True,1605499188,,,,,,,,,10000.0,[{'address': '0xd712189b138dfc3ffc0836c9f342c86b9d152a5c'}],
11044078,2020-10-13,0x1505767d307eca9d1e917e2eff765f0fac312bc8,2.87e-14,3.5e-17,7e-17,0x213fddc033bb44ecd00e591d8745de6d7d9cecac,Booster Finance,BOOST,2.87e-14,18,7,0xd70fb9dde5df93b08fb96f069862bcb725659721,18,0xc02aaa39b223fe8d0a0e5c4f27ead9083c756cc2,Wrapped Ether,WETH,545293.6134,60734001,8.5,7000.0,1602550053,2020-10-13 9:47,1,5,1,0,89,224,2,3,224,burn,1602550053,2020-10-13 9:47,8.510213896,3.5e-17,-1.0,0.06222222222222222h,True,1602550053,,,,,,,,,7000.0,[{'address': '0xd70fb9dde5df93b08fb96f069862bcb725659721'}],
10985364,2020-10-03,0x78305b740857acacee27b10861bab35baff299c0,4.32e-15,2.35e-16,2.35e-16,0x20e4ca84d4ab633cf962c364e24c010fbb4126f8,UFO Token,UFO,4.32e-15,18,47,0xd4053a754225bcdca83013aba1a0ac78030c2ce1,18,0xc02aaa39b223fe8d0a0e5c4f27ead9083c756cc2,Wrapped Ether,WETH,545293.6134,60734001,0.5,50.0,1608247676,2020-12-17 23:27,11,23,13,2564650,1779140,2534156,14,9,6487040,burn,1602350075,2020-10-10 17:14,0.5,1e-16,-1.0,163.73305555555555h,True,1602350075,,,,,,,,,8888.0,[{'address': '0xd4053a754225bcdca83013aba1a0ac78030c2ce1'}],
12206875,2021-04-09,0x2dce49cd5bcc94df854922e296108b5f78ad1560,4.2e-16,2.47e-15,4.94e-15,0x1dd13b8981b43e87c536e89ebb7bad91e65eb611,YoloChain,YOT,4.2e-16,18,62,0xd3f1a59920a11dd73902d9e7e67466dd00880b2a,18,0xc02aaa39b223fe8d0a0e5c4f27ead9083c756cc2,Wrapped Ether,WETH,545617.5446,60733927,5.0,10.0,1618109425,2021-04-11 2:50,4,55,3,80897,114220,78575,45,10,121619,burn,1617987843,2021-04-09 17:04,5.0,7.08e-16,-1.0,0.010277777777777778h,True,1617987843,,,,,,,,,69.0,[{'address': '0xd3f1a59920a11dd73902d9e7e67466dd00880b2a'}],
11309855,2020-11-22,0xb31b01efb49e654d9022c3e800bfa769b4c27656,1e-18,189.2894371,1e-18,0xd7912167d85fbd250c7fea0eb7c1241fa66ded4e,tett,TETT,189.2894371,18,11,0xd3a187d4d4bad8ea244ba7d29b09e7fbb314fd06,18,0xc02aaa39b223fe8d0a0e5c4f27ead9083c756cc2,Wrapped Ether,WETH,545289.5436,60733965,32.0,100000.0,1606072919,2020-11-23 4:21,3,5,3,213,424,337,4,1,554,burn,1606072438,2020-11-23 4:13,45.0,2.6e-17,-1.0,0.020277777777777777h,True,1606072438,,,,,,,,,100000.0,[{'address': '0xd3a187d4d4bad8ea244ba7d29b09e7fbb314fd06'}],
12342023,2021-04-30,0xc9239e7ec598fa7ee23ae169040d42844dff968e,1e-18,2.64e-12,2e-18,0xd46817ba85b9361d5dba91594e6499f0b948d09d,Arthur Hayes Token,HEYES,2.64e-12,18,7,0xd2d6abc3031abeb3d6c12dd53716ed2a28df8157,18,0xc02aaa39b223fe8d0a0e5c4f27ead9083c756cc2,Wrapped Ether,WETH,545617.5446,60733927,10.0,70000000.0,1619789462,2021-04-30 22:31,1,5,1,0,612,1020,2,3,1020,burn,1619789462,2021-04-30 22:31,10.01610028,1e-18,-1.0,0.2833333333333333h,True,1619789462,,,,,,,,,100000000.0,[{'address': '0xd2d6abc3031abeb3d6c12dd53716ed2a28df8157'}],
11064261,2020-10-16,0x68ad7f210f05c04536d2d0cfdbe8b9f37ff15e04,0.000143196,3980.254419,0.000143196,0xd622e61bdbb5f1d43614be5c6e86d572486b0888,lightning exchange finance,LEF,20063599.43,18,6627,0xcfce2a772ae87c5fae474b2de0324ee19c2c145f,18,0xc02aaa39b223fe8d0a0e5c4f27ead9083c756cc2,Wrapped Ether,WETH,545293.6134,60734001,1.0,850.0,1622260832,2021-05-29 4:00,8,22,6,571782,4177834,781710,7,15,19444604,burn,1602816726,2020-10-16 2:52,1.0,3.5e-17,-1.0,0.13833333333333334h,True,1602816726,,,,,,,,,50000000.0,[{'address': '0xcfce2a772ae87c5fae474b2de0324ee19c2c145f'}],
11974522,2021-03-04,0xe277bb9732cbc198a549973a020302e4b6e8af5b,0.001644231,850000.0,0.001644231,0xd3c7c6c5655e6f85b8351aae90f1403566176ed8,Valkyrie Test,VTT,850000.0,18,18,0xcb712153fc95d39313b87d5a00a3807a268409db,18,0xc02aaa39b223fe8d0a0e5c4f27ead9083c756cc2,Wrapped Ether,WETH,545617.5446,60733927,0.01,1000000.0,1619697339,2021-04-29 11:55,5,10,3,2127,943541,1410466,6,4,4800237,burn,1614898822,2021-03-04 23:00,0.01,1e-18,-1.0,0.4777777777777778h,True,1614898822,,,,,,,,,1000000.0,[{'address': '0xcb712153fc95d39313b87d5a00a3807a268409db'}],
11284432,2020-11-18,0x603af73959c76543df246ea40973e7f69355497b,0.0183,0.001826168,0.001826168,0xb27dfb09a8e5c668543430532778e607e88730f2,LiquidMultiplier,LIQM,0.0183,18,10,0xc9e54fbe78a3a528df54bd161a7aa47a2f8a7f8e,18,0xc02aaa39b223fe8d0a0e5c4f27ead9083c756cc2,Wrapped Ether,WETH,545289.5436,60733965,0.1,8.4,1605795642,2020-11-19 23:20,2,6,2,640,6013,28576,6,0,56978,burn,1605738838,2020-11-19 7:33,0.1,1.1e-16,-1.0,0.04833333333333333h,True,1605738838,,,,,,,,,1000.0,[{'address': '0xc9e54fbe78a3a528df54bd161a7aa47a2f8a7f8e'}],
12895893,2021-07-25,0x0dc3f92eb42dbfc0cf49274c55aad9bc37fb4d1b,2.49e-09,3990000000000.0,2.49e-09,0xe7ecc66e5c6fbafb4b4f7829393cd1276030b05a,AstroGOAT,AGOAT,3990000000000.0,9,11,0xc577497b453d5504d9815eebd5cb15f6692bbc61,18,0xc02aaa39b223fe8d0a0e5c4f27ead9083c756cc2,Wrapped Ether,WETH,545612.34,60733867,0.025,25000000.0,1627253862,2021-07-26 7:57,3,6,2,10179,6086,13363,5,1,31455,burn,1627222408,2021-07-25 23:13,4.53e-06,1.98e-08,-0.995632607,0.0002777777777777778h,True,1627222408,,,,,,,,,100000000000000.0,[{'address': '0xc577497b453d5504d9815eebd5cb15f6692bbc61'}],
11642985,2021-01-12,0xc131eac24b140e5b685f47619c309c5647fbfcb2,27.53470935,0.012167186,0.012167186,0x535ffc8bbb366e2572fe9e7d5a7fc25ad7cf0d3c,Tokenized BTC,TBTC,27.53470935,18,7,0xc4113bc6e8d6f774f26161945c11e3fac0f7c1e6,18,0xc02aaa39b223fe8d0a0e5c4f27ead9083c756cc2,Wrapped Ether,WETH,545289.5436,60733965,0.0008,0.2,1636693419,2021-11-12 14:03,3,3,1,339667,13185576,533,1,2,26201839,burn,1610492113,2021-01-13 7:55,0.0008,6.4e-17,-1.0,0.14805555555555555h,True,1610492113,,,,,,,,,1668.0,[{'address': '0xc4113bc6e8d6f774f26161945c11e3fac0f7c1e6'}],
11036074,2020-10-11,0xc1e0a1017d15fea533276257f8a1693c914f1291,444.7859937,1e-18,1e-18,0x1b4cd63e7f78d9aa3643ac302bc2baa716ce3a71,WolfFinance,WOLF,444.7859937,18,7,0xc2a9aa77fa2fcd9a6bdb4a88e718292d39e784ce,18,0xc02aaa39b223fe8d0a0e5c4f27ead9083c756cc2,Wrapped Ether,WETH,545293.6134,60734001,10.0,5000.0,1602443716,2020-10-12 4:15,1,5,1,0,24,122,2,3,123,burn,1602443715,2020-10-12 4:15,11.1,5e-17,-1.0,0.03388888888888889h,True,1602443715,,,,,,,,,5000.0,[{'address': '0xc2a9aa77fa2fcd9a6bdb4a88e718292d39e784ce'}],
11473083,2020-12-17,0x86a03f2972ded608c3ef71a3dd5460b54591751c,2.25e-13,7e-09,5.46e-13,0xfbf1482a0b369659ba5a1e006776909a98b1e2bd,WULFЯAƆTIOИ,RUFI,2138120.232,9,919,0xbde01d0d085d5e1102b058a27404ab15ac7f139f,18,0xc02aaa39b223fe8d0a0e5c4f27ead9083c756cc2,Wrapped Ether,WETH,545289.5436,60733965,0.1,3036.080153,1608364278,2020-12-19 7:51,5,27,5,93695,119783,92278,21,6,123795,burn,1608240695,2020-12-17 21:31,0.1,3.29e-05,-0.999670578,0.058888888888888886h,True,1608240695,,,,,,,,,10000000.0,[{'address': '0xbde01d0d085d5e1102b058a27404ab15ac7f139f'}],
12557280,2021-06-02,0x74f8e79e025725354b4040bf95f0e9b11febbb1b,7.47e-13,0.0002,7.47e-13,0xe774959acd78a33ab7730b44a9455fb99d5a7ea8,Samurai,MXS,0.0002,4,748,0xbccff3e40e79faeb713dcac0d8434a98cb590eba,18,0xc02aaa39b223fe8d0a0e5c4f27ead9083c756cc2,Wrapped Ether,WETH,545613.599,60733891,0.05,100000000.0,1623871580,2021-06-16 19:26,5,740,3,161836,434421,625923,414,326,1205812,burn,1622668917,2021-06-02 21:21,0.05,2.24e-13,-1.0,0.8747222222222222h,True,1622668917,,,,,,,,,10000000000000.0,[{'address': '0xbccff3e40e79faeb713dcac0d8434a98cb590eba'}],
11001973,2020-10-06,0xdcbc79cfa06a77756ef00b48d5711c42383ba479,4.96e-15,2.03e-16,4.06e-16,0xa3529226686b64ea62cb8a78040b2d9966a0cc22,NUCLEAR FINANCES,(NCL),4.96e-15,18,6,0xba21e7f3b99021f455d3ad0042de9a0a67e85816,18,0xc02aaa39b223fe8d0a0e5c4f27ead9083c756cc2,Wrapped Ether,WETH,545293.6134,60734001,75.0,2000.0,1601986939,2020-10-06 21:22,2,2,2,423,1091,1756,2,0,2857,burn,1601984737,2020-10-06 20:45,75.0,1.94e-16,-1.0,0.18194444444444444h,True,1601984737,,,,,,,,,4190.0,[{'address': '0xba21e7f3b99021f455d3ad0042de9a0a67e85816'}],
13602952,2021-11-12,0xc5a0350c43537f2d004c8ce6ba619233e05918ba,2.88e-10,1e-18,2e-18,0x223e54ce30ee8b847c224a4c9c925d87c7fab62c,SER,SER,2.88e-10,18,6,0xb6e8ddeafa766dd4adb54a3754854f462149858c,18,0xc02aaa39b223fe8d0a0e5c4f27ead9083c756cc2,Wrapped Ether,WETH,545611.2245,60733827,60.0,5000000000000.0,1636742522,2021-11-13 3:42,1,4,1,0,95,191,3,1,191,burn,1636742522,2021-11-13 3:42,60.07661339,1e-18,-1.0,0.05305555555555556h,True,1636742522,,,,,,,,,10000000000000.0,[{'address': '0xb6e8ddeafa766dd4adb54a3754854f462149858c'}],
11915261,2021-02-23,0xbfb27534fa54650b8a7a6b089931016dd7909597,2200.000001,0.014209895,0.014209895,0x2fb35229c1ee32a226e1438728e492a1f33de589,PubeCoin,PUBE,2200.000001,6,7,0xb3dd216fee5394a45f73fdbcda964296a48a04dc,18,0xc02aaa39b223fe8d0a0e5c4f27ead9083c756cc2,Wrapped Ether,WETH,545617.5446,60733927,2.5e-05,1.0,1622029634,2021-05-26 20:47,2,3,2,2997,7909636,5156,3,0,7921263,burn,1614110715,2021-02-24 5:05,2.5e-05,5e-12,-0.9999998,0.6511111111111111h,True,1614110715,,,,,,,,,1000000000.0,[{'address': '0xb3dd216fee5394a45f73fdbcda964296a48a04dc'}],
11162659,2020-10-31,0x074ab498fb6f716b06b9a2958261d972a97108f1,117.6262057,0.034395296,0.034395296,0xa4bfcc98aa330377697519a00c1abd77017a9bb5,KP1R,KP1R,117.6262057,18,108,0xb3170f9450d5ae02206c1343671fa304353f2d38,18,0xc02aaa39b223fe8d0a0e5c4f27ead9083c756cc2,Wrapped Ether,WETH,545289.5436,60733965,0.001,0.0049,1619901738,2021-05-01 20:42,15,86,7,11019,1901546,4917600,23,63,15781295,burn,1604120570,2020-10-31 5:02,0.001,4.52e-16,-1.0,0.035277777777777776h,True,1604120570,,,,,,,,,786928161.5,[{'address': '0xb3170f9450d5ae02206c1343671fa304353f2d38'}],
12556270,2021-06-02,0x820f96ea35bcbeb6185f90b3fc900ae432a3aca3,2.01e-11,6.49e-07,1.3e-06,0xa7dc0b3c6e0970ec5abc638c956bf221f62fcada,Give Global,GIVE,2.01e-11,18,6,0xabebaff11caaa9736fe5dab3ed82e7f2e1a07984,18,0xc02aaa39b223fe8d0a0e5c4f27ead9083c756cc2,Wrapped Ether,WETH,545613.599,60733891,2.0,888888888.0,1622654018,2021-06-03 2:13,1,4,1,0,644,265,2,2,1340,burn,1622652943,2021-06-03 1:55,2.098956809,1e-18,-1.0,0.07361111111111111h,True,1622652943,,,,,,,,,888888888.0,[{'address': '0xabebaff11caaa9736fe5dab3ed82e7f2e1a07984'}],
12733941,2021-06-30,0xa0cbaca87bc1a3ad6cb19312946fce2b9281a4d4,2e-18,1.2e-10,4e-18,0xd528ae05c185600f66f41357591ce6264d43b7e7,FLOKI Boy,FLOB,1.2e-10,18,6,0xaa2690165a72f459f07d526a1b202f43e70b9f53,18,0xc02aaa39b223fe8d0a0e5c4f27ead9083c756cc2,Wrapped Ether,WETH,545612.5421,60733885,7.0,100000000000.0,1625130346,2021-07-01 18:05,2,2,2,46353,92890,47096,1,1,93144,burn,1625038251,2021-06-30 16:30,7.0,1e-18,-1.0,0.29138888888888886h,True,1625038251,,,,,,,,,100000000000.0,[{'address': '0xaa2690165a72f459f07d526a1b202f43e70b9f53'}],
12691079,2021-06-23,0x5dd2515e02d5f01e0f286df145f77f3227cadd8b,2.26e-09,2e-18,2e-18,0x2b7f57c292dbc90a2e060542731842e922492038,Thor,ETHOR,2.26e-09,18,7,0xa925241cdb6087300d26517ab147a9a0e851a0e9,18,0xc02aaa39b223fe8d0a0e5c4f27ead9083c756cc2,Wrapped Ether,WETH,545612.5421,60733885,0.014076226,100000000000.0,1624471649,2021-06-24 3:07,3,1,3,5643,10058,8289,1,0,10749,burn,1624467462,2021-06-24 1:57,0.014076226,1e-18,-1.0,1.8227777777777778h,True,1624467462,,,,,,,,,1000000000000.0,[{'address': '0xa925241cdb6087300d26517ab147a9a0e851a0e9'}],
12452915,2021-05-17,0x0f63706d4a3b483da868cd21acd7824b55171f92,0.00181288,4.62e-15,0.00181288,0xf4631a4dc2c4f2a815b2a8c3800d966d3e05520a,CumRocket,CUMMIES,4.62e-15,18,7,0xa7394debb5da6b5c06d140bdc85ddcd9803a42e5,18,0xc02aaa39b223fe8d0a0e5c4f27ead9083c756cc2,Wrapped Ether,WETH,545613.599,60733891,15.0,375.2519146,1622889758,2021-06-05 19:42,1,5,1,0,1601257,1272,3,2,1621942,burn,1621269088,2021-05-18 1:31,15.0,2e-16,-1.0,0.35333333333333333h,True,1621269088,,,,,,,,,1000.0,[{'address': '0xa7394debb5da6b5c06d140bdc85ddcd9803a42e5'}],
12534754,2021-05-30,0x59b97306f80bdf929d001bcd38394f1910a883f6,75.9,1.33e-15,1.33e-15,0x2abb9d00db52510500c8ac4c426c9029894472c5,Apple Token,AAPL,75.9,1,6,0xa564ded50770ed6dd3ba027a07f7f10eb109dd44,18,0xc02aaa39b223fe8d0a0e5c4f27ead9083c756cc2,Wrapped Ether,WETH,545613.599,60733891,0.05,50000.0,1622667769,2021-06-03 6:02,1,4,1,0,10293,302731,1,3,302731,swap,1622365531,2021-05-30 18:05,0.05,2.51e-06,-0.999949852,0.13694444444444445h,True,1622365531,,,,,,,,,100000000000.0,[{'address': '0xa564ded50770ed6dd3ba027a07f7f10eb109dd44'}],
11238204,2020-11-11,0xdf8912460049cc09640b308585b943464ac235c5,30409642082.0,0.003832656,0.007665312,0x88f639186aee2fc903da4fe5742df35b760225e8,Elastic Staking,EStake,30409642082.0,9,3835,0xa4715671d1a75bcd4c743d6ebc8217cd5ca2539c,18,0xc02aaa39b223fe8d0a0e5c4f27ead9083c756cc2,Wrapped Ether,WETH,545289.5436,60733965,0.001,1e-09,1611678611,2021-01-26 16:30,10,3820,5,39417,451662,79810,2139,1681,6555755,swap,1605126387,2020-11-11 20:26,0.001,2.18e-12,-0.999999998,0.9808333333333333h,True,1605126387,,,,,,,,,1210000.0,[{'address': '0xa4715671d1a75bcd4c743d6ebc8217cd5ca2539c'}],
12713835,2021-06-27,0xe1e33b3636aea2cc2731b68e0dbb85b332d05477,2e-18,4.42e-12,4e-18,0xc42e8162c6d2a22c1fad1c21f1278f88e601aeb3,Gervonta Davis,gDAVIS,4.42e-12,18,22,0xa33b2f1bddfcfd109d6964905d9029a5434a86ed,18,0xc02aaa39b223fe8d0a0e5c4f27ead9083c756cc2,Wrapped Ether,WETH,545612.5421,60733885,2.0,100000000.0,1624890970,2021-06-28 14:36,2,18,2,246,38892,62342,18,0,124520,burn,1624766614,2021-06-27 4:03,2.0,1e-18,-1.0,0.04555555555555556h,True,1624766614,,,,,,,,,100000000000.0,[{'address': '0xa33b2f1bddfcfd109d6964905d9029a5434a86ed'}],
11673262,2021-01-17,0xc4abd2f4b144cd43c820bc6101740ae81019c378,5510.275921,0.018242398,0.018242398,0x881a8b97ca7e6209891d76b0540a21cdf803aeb9,SONO,SONO,5510.275921,18,8,0xa2a76f7c78962022bc51adaf740343db9f51689e,18,0xc02aaa39b223fe8d0a0e5c4f27ead9083c756cc2,Wrapped Ether,WETH,545613.2252,60733960,0.01,10000.0,1611599493,2021-01-26 3:31,2,5,1,98,282147,118,4,1,705661,burn,1610893950,2021-01-17 23:32,0.01,1e-18,-1.0,0.03277777777777778h,True,1610893950,,,,,,,,,100000000.0,[{'address': '0xa2a76f7c78962022bc51adaf740343db9f51689e'}],
12418710,2021-05-12,0xfa96cf8d2a4befeb3a5224a2f2541bf5554c700f,9.89e-12,7.77e-06,7.77e-06,0x9c7da5376131ba3babfb51bd6947611608fa0ae3,YFIN,YFIN,9.89e-12,18,11,0xa1c6b1ac4234c05722ce3521d2116e04c7f540f4,18,0xc02aaa39b223fe8d0a0e5c4f27ead9083c756cc2,Wrapped Ether,WETH,545617.5446,60733927,1.0,5.0,1632470418,2021-09-24 17:00,1,9,1,0,5465137,403,5,4,11659643,burn,1620811178,2021-05-12 18:19,1.0,4.48e-16,-1.0,0.11194444444444444h,True,1620811178,,,,,,,,,40000.0,[{'address': '0xda15cb0d2bdbe0041832abd5f18103db4fa56153'}],
11193431,2020-11-04,0xa1279fcc3cc59893b7d3401ba219097f97bc391a,5.48e-15,1.83e-16,3.66e-16,0x9a9020c31a7039e673a70cb97b9be89d710de7d0,TwoChad,2CHAD,5.48e-15,18,9,0x9c52dc11d104c82d1a05fb00956b597c439374ac,18,0xc02aaa39b223fe8d0a0e5c4f27ead9083c756cc2,Wrapped Ether,WETH,545289.5436,60733965,15.0,450.0,1604529013,2020-11-05 7:30,1,7,1,0,145,340,3,4,340,burn,1604529013,2020-11-05 7:30,15.01590275,1.83e-16,-1.0,0.09444444444444444h,True,1604529013,,,,,,,,,500.0,[{'address': '0x9c52dc11d104c82d1a05fb00956b597c439374ac'}],
11443464,2020-12-13,0xfb8e21e7b4b6563f3527d5b2f27b4b0a18b26119,2.7e-17,3.8e-14,5.4e-17,0xe63d8baf6e7503bd1abb2ba8868b257b400e4535,HOPR Protocol,HOPR,3.8e-14,18,7,0x9a569c140a507f1f34af711974f7b36d5f7a9ba8,18,0xc02aaa39b223fe8d0a0e5c4f27ead9083c756cc2,Wrapped Ether,WETH,545289.5436,60733965,299.0,432437.167,1607846992,2020-12-13 17:09,1,5,1,0,50,127,2,3,127,burn,1607846992,2020-12-13 17:09,299.0077607,2.7e-17,-1.0,0.035277777777777776h,True,1607846992,,,,,,,,,1000000.0,[{'address': '0x9a569c140a507f1f34af711974f7b36d5f7a9ba8'}],
11696443,2021-01-21,0xc1f0ef6e1d887f3f6c2ee5771acb8b72b0866d45,2.43e-13,5e-18,5e-18,0x2ed436d3043cdf262250018e4d2c1dec06d80a21,2021coin,2021,2.43e-13,18,6,0x8d8c5196934d6de8d0ea1b88d3617dcdaac021e9,18,0xc02aaa39b223fe8d0a0e5c4f27ead9083c756cc2,Wrapped Ether,WETH,545613.2252,60733960,0.17,10000.0,1624428457,2021-06-23 15:07,3,0,3,5148438,0,8311966,0,0,13228309,burn,1613945300,2021-02-22 7:08,0.17,5e-18,-1.0,762.5422222222222h,True,1613945300,,,,,,,,,1000000000000000.0,[{'address': '0x8d8c5196934d6de8d0ea1b88d3617dcdaac021e9'}],
11125916,2020-10-25,0xb0ff42a7d5ad14bb061b444f493d27fe07188531,0.010619143,61.4404048,0.021238285,0xeefdad6a480496875172ada1bafd03b81575166c,LoyalToken,LYL,61.4404048,18,1310,0x8c79dc1cf5600db9a25beb28b6fb74ece016470e,18,0xc02aaa39b223fe8d0a0e5c4f27ead9083c756cc2,Wrapped Ether,WETH,545292.2038,60734008,0.025,1.0,1611572988,2021-01-25 11:09,4,1302,4,21424,625510,2204009,599,703,7939729,burn,1603633432,2020-10-25 13:43,0.025,1.59e-16,-1.0,0.04805555555555555h,True,1603633432,,,,,,,,,12000.0,[{'address': '0x8c79dc1cf5600db9a25beb28b6fb74ece016470e'}],
12879280,2021-07-22,0xaa1630f8426173f3f6c092b6af23a41b0e55b0f7,1.57e-05,1.46e-16,2.92e-16,0xa14bb6f4c5d334490f3d5e04e5bf685e400b0515,APE SAFE,APESAFE 🦍,1.57e-05,9,1611,0x8c45c344de8a19cafd0ccce300ab9de397b7d886,18,0xc02aaa39b223fe8d0a0e5c4f27ead9083c756cc2,Wrapped Ether,WETH,545612.34,60733867,5.0,900000000000.0,1635019675,2021-10-23 20:07,3,1604,4,14037,147145,2110177,748,856,8021723,burn,1626999445,2021-07-23 0:17,5.0,7.5e-17,-1.0,0.4147222222222222h,True,1626999445,,,,,,,,,1000000000000.0,[{'address': '0x8c45c344de8a19cafd0ccce300ab9de397b7d886'}],
12174705,2021-04-04,0x0dd4123c3c1f244d8215ebc90ad40eb4350c204c,2.24e-09,1e-18,1e-18,0xb44d556f4293714d905742b830a6b67886c3cc9e,The Elephant Project,ELPH,4.03e-05,18,6,0x8a0e054e68197815b5a9915756c67db8ed1cff6e,18,0xc02aaa39b223fe8d0a0e5c4f27ead9083c756cc2,Wrapped Ether,WETH,545617.5446,60733927,2.0,10000000000000.0,1620478141,2021-05-08 21:49,2,0,2,1458808,0,1460729,0,0,2918162,burn,1617563276,2021-04-05 4:07,2.0,1e-18,-1.0,0.9158333333333334h,True,1617563276,,,,,,,,,9e+26,[{'address': '0x8a0e054e68197815b5a9915756c67db8ed1cff6e'}],
11259011,2020-11-14,0x7b56ec4ea8ae35a62a1ae51b574e1e058169a37d,4.54e-13,3e-18,6e-18,0x98de8e7cc8b93822a7b132ac0193b0dbff96cf7e,zLOT,zLOT.finance,4.54e-13,18,7,0x83d98b6d670e19211bc847065ed3281936653069,18,0xc02aaa39b223fe8d0a0e5c4f27ead9083c756cc2,Wrapped Ether,WETH,545289.5436,60733965,12.12121212,2500000.0,1605398590,2020-11-15 9:03,1,5,1,0,91,228,2,3,228,burn,1605398590,2020-11-15 9:03,12.12466028,3e-18,-1.0,0.06333333333333334h,True,1605398590,,,,,,,,,5000000.0,[{'address': '0x83d98b6d670e19211bc847065ed3281936653069'}],
13065261,2021-08-20,0xddcd8fe79a68f1e50c709600f195101b7472ef02,940000000000000.0,0.000259228,0.000518456,0x9ff0d11f1eb41f117413eeac063e8c920f0b0a6e,WarMask,WarMask,940000000000000.0,9,14,0x825a9471adc811dd0377fb702d2b73a77793232a,18,0xc02aaa39b223fe8d0a0e5c4f27ead9083c756cc2,Wrapped Ether,WETH,545612.34,60733867,5.0,50000000000.0,1629505137,2021-08-21 0:18,2,11,1,149,535,67,6,5,1840,burn,1629503364,2021-08-20 23:49,5.073619603,3.21e-16,-1.0,0.01861111111111111h,True,1629503364,,,,,,,,,100000000000.0,[{'address': '0x825a9471adc811dd0377fb702d2b73a77793232a'}],
11298913,2020-11-21,0x2e121def524ff3322e98e4272ce73cfafe1e12b5,198.8173648,1e-18,1e-18,0x68dc44a0cb02d6f5f01d3564ff286aee006f56ad,Tett,tett,198.8173648,18,8,0x8199404e97c61a56f6d9d9a5333e8cc687ddf78a,18,0xc02aaa39b223fe8d0a0e5c4f27ead9083c756cc2,Wrapped Ether,WETH,545289.5436,60733965,30.0,10000.0,1605963020,2020-11-21 21:50,2,4,2,17344,26216,17602,3,1,34830,burn,1605928565,2020-11-21 12:16,38.0,7e-17,-1.0,0.10416666666666667h,True,1605928565,,,,,,,,,10000.0,[{'address': '0x8199404e97c61a56f6d9d9a5333e8cc687ddf78a'}],
12820334,2021-07-13,0xd7e4ccbc7dd1fc6ac6bc7911086f7c0000f5e5f6,9.42e-14,1.2e-17,1.2e-17,0x7778360f035c589fce2f4ea5786cbd8b36e5396b,OpenOcean,OOE,9.42e-14,18,150,0x7eb534edd88edb01ec2e16413bd295cf0d0e8af3,18,0xc02aaa39b223fe8d0a0e5c4f27ead9083c756cc2,Wrapped Ether,WETH,545612.34,60733867,0.6,4000.0,1636284223,2021-11-07 11:23,2,146,2,179725,4713974,5042219,75,71,10084047,burn,1626200567,2021-07-13 18:22,0.6,1.3e-17,-1.0,0.10861111111111112h,True,1626200567,,,,,,,,,1000000000.0,[{'address': '0x7eb534edd88edb01ec2e16413bd295cf0d0e8af3'}],1000000000000.0
12322070,2021-04-27,0xc4de8568aba75413dfd8e67e63d7b82a98048e52,30.41593291,1e-18,1e-18,0x9b91ef0d78488c5ef4c509eb7a73f7d8ca650ce4,Africa To Mars,ATM,30.41593291,18,8,0x77e2933382482731f8eb4e3a85ad6868065c4f99,18,0xc02aaa39b223fe8d0a0e5c4f27ead9083c756cc2,Wrapped Ether,WETH,545617.5446,60733927,0.002,1.0,1633843901,2021-10-10 14:31,1,6,1,0,5385323,2014,4,2,14321703,burn,1619524212,2021-04-27 20:50,0.002,4.5e-17,-1.0,0.5594444444444444h,True,1619524212,,,,,,,,,100000000.0,[{'address': '0x77e2933382482731f8eb4e3a85ad6868065c4f99'}],
11011294,2020-10-07,0xc68c1ab3ecf59d874862cb380b5983015dd52b0b,2.62e-14,3.9e-17,3.9e-17,0xbeeadc4229b1f6415d7fe86ee98dfd182cb150b3,yif.finance,YIF,2.62e-14,18,13,0x714d1a5bd2113799841ffc93115576ed766f2967,18,0xc02aaa39b223fe8d0a0e5c4f27ead9083c756cc2,Wrapped Ether,WETH,545293.6134,60734001,0.01,0.7,1602417400,2020-10-11 11:56,3,7,3,101820,256886,205301,0,7,307370,burn,1602111245,2020-10-07 22:54,0.01,1.2e-16,-1.0,0.3375h,True,1602111245,,,,,,,,,190000.0,[{'address': '0x714d1a5bd2113799841ffc93115576ed766f2967'}],
12785900,2021-07-08,0xb8c598627475a9f5220ddc8f881178ed767ee5b4,3e-08,1e-18,1e-18,0xb5adac85257fcabdb46a8254df30128dd1340c2d,Supersonic,SUPERSONIC,3e-08,18,6,0x6fcfe25a51e5c781a4258c4a9636d8cf874898dc,18,0xc02aaa39b223fe8d0a0e5c4f27ead9083c756cc2,Wrapped Ether,WETH,545612.34,60733867,1.0,900000000000000.0,1625736496,2021-07-08 18:28,1,4,1,0,109,219,1,3,219,burn,1625736496,2021-07-08 18:28,1.001545698,1e-18,-1.0,0.060833333333333336h,True,1625736496,,,,,,,,,1000000000000000.0,[{'address': '0x6fcfe25a51e5c781a4258c4a9636d8cf874898dc'}],
11013621,2020-10-08,0x3d98db082da8efd6356f637a4b4861f7dc758179,88.245,0.000808077,0.000808077,0x6211aeff581bfb3b53b5289b4e841e48b5750cd0,YMFS.FINANCE,YMFS,88.245,18,30,0x6e55a6953442a3ae9287d524cd4e0a68d0e49bd8,18,0xc02aaa39b223fe8d0a0e5c4f27ead9083c756cc2,Wrapped Ether,WETH,545293.6134,60734001,0.5,2000.0,1633759783,2021-10-09 6:09,4,23,3,15215,1157274,10574633,7,16,31617548,burn,1602144690,2020-10-08 8:11,0.5,1.6e-17,-1.0,0.6819444444444445h,True,1602144690,,,,,,,,,30000.0,[{'address': '0x6e55a6953442a3ae9287d524cd4e0a68d0e49bd8'}],
12727771,2021-06-29,0xb299445656951ed6bcaee8d13a008fd3b1c19f2d,2e-18,0.000737786,4e-18,0xd6b683fdde3216aa81f60e417e4837bf4f1c97e3, Virgin Pussy Token ,VIRGIN,0.000737786,9,6,0x6ce3e6fd8e04c7f6d3a632773d86cb86b5f77552,18,0xc02aaa39b223fe8d0a0e5c4f27ead9083c756cc2,Wrapped Ether,WETH,545612.5421,60733885,9.0,4900000000000000.0,1624954632,2021-06-29 17:17,1,4,1,0,693,1386,2,2,1386,burn,1624954632,2021-06-29 17:17,9.002140746,2e-18,-1.0,0.385h,True,1624954632,,,,,,,,,1e+16,[{'address': '0x6ce3e6fd8e04c7f6d3a632773d86cb86b5f77552'}],
11327829,2020-11-25,0x7760cac4af692ec956d0fe91c30b4420110ddaab,4.54e-14,2.3e-17,2.3e-17,0x8066ddfa131db49ec7ccf949a4614bd90063e6e0,epi token,EPI,4.54e-14,18,9,0x6c6e7c3fc7801e0aa2bb0fa875e22216726ed482,18,0xc02aaa39b223fe8d0a0e5c4f27ead9083c756cc2,Wrapped Ether,WETH,545289.5436,60733965,0.1,100.0,1606449180,2020-11-27 12:53,3,3,3,46545,82563,91619,0,3,137486,burn,1606313632,2020-11-25 23:13,0.1,3.2e-17,-1.0,0.5383333333333333h,True,1606313632,,,,,,,,,1000000000.0,[{'address': '0x6c6e7c3fc7801e0aa2bb0fa875e22216726ed482'}],
12956268,2021-08-04,0xe4436a8fef54dd5b25e2bbe33e5ec14905af6d97,238122.5799,1e-18,1e-18,0x74597b7d115978221535f65c81c75f04534a64c9,MEMETIC,MEMETIC,238122.5799,18,6,0x6b594bbe54e3ab20c429c56634d92397bcfdbbeb,18,0xc02aaa39b223fe8d0a0e5c4f27ead9083c756cc2,Wrapped Ether,WETH,545612.34,60733867,0.5,1000000.0,1629382810,2021-08-19 23:20,1,4,1,0,333991,128,2,2,1335792,burn,1628047146,2021-08-04 12:19,0.778900546,2e-18,-1.0,0.035555555555555556h,True,1628047146,,,,,,,,,1000000.0,[{'address': '0x6b594bbe54e3ab20c429c56634d92397bcfdbbeb'}],
12982154,2021-08-08,0xf49b63d36e1c1bc93a6195f4d6eb05724427b8d7,1.25e-12,1e-18,1e-18,0x5aa7c403c7de4b3bb0cc07079a03e389671a4771,IBIZA Token,IBZ,1.25e-12,18,26,0x6ada792fd629a4447bf2afa5d13d0df18fe10285,18,0xc02aaa39b223fe8d0a0e5c4f27ead9083c756cc2,Wrapped Ether,WETH,545612.34,60733867,0.5,250000.0,1632435904,2021-09-23 22:25,2,22,2,1303,2507019,2019995,17,5,4039801,burn,1628396292,2021-08-08 4:18,0.329314377,1e-18,-1.0,0.0525h,True,1628396292,,,,,,,,,1000000000.0,[{'address': '0x6ada792fd629a4447bf2afa5d13d0df18fe10285'}],
11308758,2020-11-22,0x3b2c87af6cae3e04d98603f7a705f727ccac9364,972.4024809,0.006444025,0.006444025,0x90e6e082b0aa4bf6afba0d11163d920a534ebae4,Defiance,DEF,972.4024809,18,600,0x69079912350b1eaaf1cd5e69b40a4858d47a5ebc,18,0xc02aaa39b223fe8d0a0e5c4f27ead9083c756cc2,Wrapped Ether,WETH,545289.5436,60733965,0.1,95.0,1622126053,2021-05-27 14:34,11,582,7,113625,345708,3516906,281,301,16068082,burn,1606060349,2020-11-22 15:52,0.1,3.3e-17,-1.0,0.6605555555555556h,True,1606060349,,,,,,,,,10000000.0,[{'address': '0x69079912350b1eaaf1cd5e69b40a4858d47a5ebc'}],
11040089,2020-10-12,0x052b5078304e7d4bdb5e464cf93682ab4bf6029d,0.057193319,0.000158414,0.000158414,0x33bf0f03c18d98ab96cf3dc42266da29d6666585,BIGCHAIN,BIGC,0.057193319,18,6,0x675d7458ba14cca4f6198b800a31627a4ad23424,18,0xc02aaa39b223fe8d0a0e5c4f27ead9083c756cc2,Wrapped Ether,WETH,545293.6134,60734001,5.0,2500.0,1604697196,2020-11-07 6:13,2,2,2,1077256,2196066,1100466,2,0,2200525,burn,1602497078,2020-10-12 19:04,5.0,4.5e-17,-1.0,0.11305555555555556h,True,1602497078,,,,,,,,,2000000.0,[{'address': '0x675d7458ba14cca4f6198b800a31627a4ad23424'}],
11489055,2020-12-20,0x76638eb3da4630e44b330d619c3c79f3af17ebde,0.02265222,0.000885561,0.000885561,0x30342678cf9bd62d88d94e5d7ae9c3875d177cbc,FATE,FATE,447.0140899,18,93,0x671d6ad129b3fbddd8d33bc0cfd80f65be7741b5,18,0xc02aaa39b223fe8d0a0e5c4f27ead9083c756cc2,Wrapped Ether,WETH,545289.5436,60733965,0.2,0.0001,1608511973,2020-12-21 9:52,1,1,0,0,60050,0,0,1,60050,swap,1608511973,2020-12-21 9:52,0.2,0.000885561,-0.995572197,16.680555555555557h,True,1608511973,,,,,,,,,1000.0,[{'address': '0x671d6ad129b3fbddd8d33bc0cfd80f65be7741b5'}],
11372577,2020-12-02,0xef603095d72874138803fdc8011dc6503d613e0e,0.6986,1e-18,0.6986,0xd2750c6f3fadd9135c6bc15d2d0fde3b1dba8c95,Deriswap,DERI,1e-18,18,199,0x657905c988dce14a31eced6a1d5f336919fef0e4,18,0xc02aaa39b223fe8d0a0e5c4f27ead9083c756cc2,Wrapped Ether,WETH,545289.5436,60733965,1.0,1000.0,1612958139,2021-02-10 11:55,3,194,2,41990,130585,87658,111,83,6052345,burn,1606905880,2020-12-02 10:44,1.0,3.2e-17,-1.0,0.02388888888888889h,True,1606905880,,,,,,,,,200000.0,[{'address': '0x04b77b6e966b000e24e84f962a1fbf49733c3775'}],
12462145,2021-05-19,0x2a934a0111d58d2986000b0893eb3df21ae39988,2.0,1e-18,1e-18,0x4bc58bc3af9ab0b882d9f942c03c36ef675bb868,Jomon Inu,JINU,2.0,18,15,0x638670019bcd6db01688cee42e84c46e1c7a140e,18,0xc02aaa39b223fe8d0a0e5c4f27ead9083c756cc2,Wrapped Ether,WETH,545613.599,60733891,2.0,100000000000000.0,1621616352,2021-05-21 16:59,2,11,2,68002,144517,68312,8,3,225507,burn,1621391181,2021-05-19 2:26,2.0,1e-18,-1.0,0.09333333333333334h,True,1621391181,,,,,,,,,100000000000000.0,[{'address': '0x638670019bcd6db01688cee42e84c46e1c7a140e'}],
12764486,2021-07-05,0x501e4c6c7a2e589e55eca3becd972ee2857a705a,5.37e-10,2e-18,4e-18,0x249c2f0dafd23d4511c551be81cfd46e8ef7d6af,FISH Inu,FISH🔥,5.37e-10,18,13,0x632f3c85ca9232b21e0007bb6221e7d67aece623,18,0xc02aaa39b223fe8d0a0e5c4f27ead9083c756cc2,Wrapped Ether,WETH,545612.34,60733867,3.3,1000000000000.0,1625450094,2021-07-05 1:54,4,7,2,477,465,1133,6,1,2181,burn,1625447998,2021-07-05 1:19,3.301130118,1e-18,-1.0,0.02361111111111111h,True,1625447998,,,,,,,,,1000000000000.0,[{'address': '0x632f3c85ca9232b21e0007bb6221e7d67aece623'}],
11929950,2021-02-26,0x4a425325d6d74cc3c0fd8081b4eae943426a87ec,90.0,4e-18,4e-18,0x909e6631b89034099c4f6516956da6d40874d3fd,SampleToken,TOK,90.0,18,7,0x628ef822856dcf890e52a30de3ec52dc2b92f544,18,0xc02aaa39b223fe8d0a0e5c4f27ead9083c756cc2,Wrapped Ether,WETH,545617.5446,60733927,0.02,30.0,1618327002,2021-04-14 0:16,2,4,1,2011393,3325375,385387,2,2,4022787,burn,1614689602,2021-03-02 21:53,0.02,2.6e-17,-1.0,107.05194444444444h,True,1614689602,,,,,,,,,100.0,[{'address': '0x628ef822856dcf890e52a30de3ec52dc2b92f544'}],
12664623,2021-06-19,0xf3f667b097b271604e47f99015a00625b8fe9a59,5.51e-06,3.81e-11,3.81e-11,0x3a856d4effa670c54585a5d523e96513e148e95d,Trias Token,TRIAS,0.002974369,18,56,0x623731e878df5243a5d63eac509cde54fec755d4,18,0xc02aaa39b223fe8d0a0e5c4f27ead9083c756cc2,Wrapped Ether,WETH,545612.5421,60733885,1.0,300.0,1636674732,2021-11-11 23:52,1,14,1,0,6529139,211,8,6,12571391,burn,1624103552,2021-06-19 11:52,1.0,5.8e-17,-1.0,0.058611111111111114h,True,1624103552,,,,,,,,,10000000.0,[{'address': '0x623731e878df5243a5d63eac509cde54fec755d4'}],
11770667,2021-02-01,0x5d23805b3adea40839be79b3843577feb911017a,3.69e-14,2.8e-17,2.8e-17,0x8a96ad9555ddba080c1ea954b12f8078598a7210,Cross USD,xUSD,856.2902264,18,46,0x61aef9adf6eddfcc0755a947f49915a429d3edc0,18,0xc02aaa39b223fe8d0a0e5c4f27ead9083c756cc2,Wrapped Ether,WETH,545613.2252,60733960,0.1,136.0,1612197536,2021-02-02 1:38,1,0,1,0,0,10216,0,0,10216,burn,1612197536,2021-02-02 1:38,0.1,2.8e-17,-1.0,2.8377777777777777h,True,1612197536,,,,,,,,,3000.0,[{'address': '0x61aef9adf6eddfcc0755a947f49915a429d3edc0'}],
11400100,2020-12-06,0x6a745cc4a9ec424fc9bd87a4a1ed47255a2816de,33.02315396,4.04e-07,4.04e-07,0x91a7769afcf796a3c8fff879ed80b10dd76d3ccd,SG20,SG20,141.8428325,18,15,0x611e4344ca6139d589d5f5b4524b1ec8fc030dd4,18,0xc02aaa39b223fe8d0a0e5c4f27ead9083c756cc2,Wrapped Ether,WETH,545289.5436,60733965,0.00281,0.0046927,1625873466,2021-07-10 8:31,1,4,0,0,12415354,0,2,2,18603460,swap,1607270671,2020-12-07 1:04,0.00281,1.33e-05,-0.995274072,0.18472222222222223h,True,1607270671,,,,,,,,,120000000.0,[{'address': '0x611e4344ca6139d589d5f5b4524b1ec8fc030dd4'}],
11364396,2020-12-01,0x7d3871a22e698a84e7faab5661d6876fe88b754a,82.35886635,0.063840041,0.063840041,0x72c1123c8e57d75fbf36478544b64cde0abe7f1b,Aghanim,AGH,82.35886635,18,173,0x5e1539ba68cc4d23b85ba03c9f99fb3007c98d6c,18,0xc02aaa39b223fe8d0a0e5c4f27ead9083c756cc2,Wrapped Ether,WETH,545289.5436,60733965,0.01,1.0,1607713981,2020-12-11 19:13,22,136,15,485369,616738,744200,78,58,918479,burn,1606796063,2020-12-01 4:14,0.01,1e-16,-1.0,0.15583333333333332h,True,1606796063,,,,,,,,,10000.0,[{'address': '0x5e1539ba68cc4d23b85ba03c9f99fb3007c98d6c'}],
11772207,2021-02-01,0x43722d17e3e012342be0e0711d22e91c2e8cdc9b,9.93e-11,2e-18,4e-18,0x4fa1ffa82c2b29959c0906fba3580a575fe2a9e6,DxxxCxxx,DXXXCX,9.93e-11,18,7,0x5c0d999915755c084aebee9f4ca0214206a55ca7,18,0xc02aaa39b223fe8d0a0e5c4f27ead9083c756cc2,Wrapped Ether,WETH,545613.2252,60733960,9.0,90000000000.0,1612209513,2021-02-02 4:58,2,3,2,668,1480,1116,2,1,1821,burn,1612208104,2021-02-02 4:35,9.0,1e-18,-1.0,0.11444444444444445h,True,1612208104,,,,,,,,,100000000000.0,[{'address': '0x5c0d999915755c084aebee9f4ca0214206a55ca7'}],
10978933,2020-10-02,0x428eeda2becd3eaec28e5277bc433ab1bca46df9,0.000101,9.28e-06,9.28e-06,0x4fd5e5ea2fed1462db048feec68a8d049030f651,Frogger,FROG,0.000101,18,7,0x56aef0e961c7afa927a04082d24960d159c73a63,18,0xc02aaa39b223fe8d0a0e5c4f27ead9083c756cc2,Wrapped Ether,WETH,545293.6134,60734001,0.009,9e-06,1601675332,2020-10-03 6:48,2,4,1,807,1516,249,2,2,2034,burn,1601673547,2020-10-03 6:19,0.009,3.16e-14,-1.0,0.06916666666666667h,True,1601673547,,,,,,,,,100.0,[{'address': '0x56aef0e961c7afa927a04082d24960d159c73a63'}],
12446676,2021-05-16,0x3df617c447f1f462aa49ad1086a7b0f05d49ec51,1e-18,33334617659.0,1e-18,0xdcd9f39f300d60f3633169ef357797b368695d5a,Zero Shiba,ZSHIBA,33334617659.0,18,6,0x526263af48ec2587418d6f22e4c72815656d6692,18,0xc02aaa39b223fe8d0a0e5c4f27ead9083c756cc2,Wrapped Ether,WETH,545613.599,60733891,5.0,900000000000.0,1621196118,2021-05-17 5:15,1,4,1,0,4733,199,3,1,12132,burn,1621184185,2021-05-17 1:56,6.6,1e-18,-1.0,0.05527777777777778h,True,1621184185,,,,,,,,,1000000000000.0,[{'address': '0x526263af48ec2587418d6f22e4c72815656d6692'}],
10978197,2020-10-02,0x3a62a1f5ffc49f514ccd328b651866ba8afa65cf,2.24e-05,4.71e-06,4.48e-05,0xe647316a260c52198d8b6a880c576f92c80e0dd1,ORB BURN,ORBB,4.71e-06,18,18,0x4d1fc3fc8e1779eb6b815ef536c79b246a6b0307,18,0xc02aaa39b223fe8d0a0e5c4f27ead9083c756cc2,Wrapped Ether,WETH,545293.6134,60734001,10.0,9.5,1601670536,2020-10-02 20:28,2,14,2,63,4120,3520,13,1,6986,burn,1601663604,2020-10-02 18:33,10.09443516,1.04e-15,-1.0,0.015h,True,1601663604,,,,,,,,,50.0,[{'address': '0x4d1fc3fc8e1779eb6b815ef536c79b246a6b0307'}],
12813879,2021-07-12,0xb27dd57dca16d77c4fbc3f051728910db9f41610,1.27e-05,1.00321691,1.27e-05,0xf5832512cfda8083e5b2dd0aa7c1b9265c03ba1f,Zugacoin,SZC,1.00321691,8,204,0x4cd3ca15a32f52362c5a048259850b4c2b14ab94,18,0xc02aaa39b223fe8d0a0e5c4f27ead9083c756cc2,Wrapped Ether,WETH,545612.34,60733867,0.023,0.001,1636733725,2021-11-12 16:15,3,200,1,2017085,5644074,186012,92,108,10621893,burn,1626297844,2021-07-14 21:24,0.023,4.8e-10,-0.999999979,51.67h,True,1626297844,,,,,,,,,1000000.0,[{'address': '0x4cd3ca15a32f52362c5a048259850b4c2b14ab94'}],
10974035,2020-10-02,0x0eedb2e8af9ea4ba0cbf096c4cc29b25d4df1a3b,332.6659993,2e-18,2e-18,0x3f53a2f6c5a0c34c70856b529d0a0a10cd6bf407,yfi.mobi,YFIM,332.6659993,18,8,0x4c2ebf1d35c944b50d775876c476a6f1cc72fd05,18,0xc02aaa39b223fe8d0a0e5c4f27ead9083c756cc2,Wrapped Ether,WETH,545292.2038,60734008,2.0,1000.0,1601607059,2020-10-02 11:50,1,6,1,0,58,72,3,3,88,burn,1601607043,2020-10-02 11:50,3.4,7.7e-17,-1.0,0.02h,True,1601607043,,,,,,,,,6000000.0,[{'address': '0x4c2ebf1d35c944b50d775876c476a6f1cc72fd05'}],
11741168,2021-01-28,0x36d849601fef67448ebfb1bf35aa2e93683d0136,12.07830286,0.000647851,0.000647851,0xb97d5cf2864fb0d08b34a484ff48d5492b2324a0,KLON,KLON,1150.988324,18,11065,0x4bfc3b8c82909ad224d1e2c0305fa5bfab1e7f1c,18,0xc02aaa39b223fe8d0a0e5c4f27ead9083c756cc2,Wrapped Ether,WETH,545613.2252,60733960,0.121,0.549495813,1623972802,2021-06-17 23:33,20,433,12,1629157,3187995,2879948,194,239,12178004,burn,1611795865,2021-01-28 1:04,0.121,4.7e-16,-1.0,0.29638888888888887h,True,1611795865,,,,,,,,,1e-06,[{'address': '0x4bfc3b8c82909ad224d1e2c0305fa5bfab1e7f1c'}],
11139266,2020-10-27,0xd6087f6885469a3a7aaf22d55bfdf69526c04551,1.08e-14,9.3e-17,1.86e-16,0xb8a79d9650e0a25f7abfd75152114970470c78fe,YSI.Finance,YSI,1.08e-14,18,6,0x4b3213834941901963c9b207a77457b97d511d9b,18,0xc02aaa39b223fe8d0a0e5c4f27ead9083c756cc2,Wrapped Ether,WETH,545293.6134,60734001,17.0,2000.0,1603810641,2020-10-27 23:57,1,4,1,0,162,324,2,2,324,burn,1603810641,2020-10-27 23:57,17.00973419,9.3e-17,-1.0,0.09h,True,1603810641,,,,,,,,,30000.0,[{'address': '0x4b3213834941901963c9b207a77457b97d511d9b'}],
12877765,2021-07-22,0xa6386752719666784a6e18a4486fff6a6dee7c26,1110000000000.0,0.218825629,0.218825629,0x2eba25d498a43101ceac28f9a9fc9333f2303e40,SMUDGE CAT TOKEN,SMGCAT,1110000000000.0,18,32,0x4b31a0cfb740c6976dc80bf545e6eef1b9a90568,18,0xc02aaa39b223fe8d0a0e5c4f27ead9083c756cc2,Wrapped Ether,WETH,545612.34,60733867,26.514,8597537600.0,1627879157,2021-08-02 4:39,2,29,1,5,8551,11,18,11,56530,swap,1627822638,2021-08-01 12:57,26.514,0.141239377,-0.994673026,0.0030555555555555557h,True,1627822638,,,,,,,,,2000000000000.0,[{'address': '0x4b31a0cfb740c6976dc80bf545e6eef1b9a90568'}],
12833419,2021-07-15,0x6f35599cd3d9aaf60ac8be6b35008c0485ef5f68,3945644148.0,3.25e-08,3.25e-08,0x9a176ef104141444eef326f4c8a066cda6df51c5,SMUDGE CAT,SMGCAT,3945644148.0,18,7,0x4b31a0cfb740c6976dc80bf545e6eef1b9a90568,18,0xc02aaa39b223fe8d0a0e5c4f27ead9083c756cc2,Wrapped Ether,WETH,545612.34,60733867,0.75,1500000000.0,1626927394,2021-07-22 13:16,3,2,2,189,6,4021,1,1,8037,swap,1626919363,2021-07-22 11:02,0.75005,0.000680842,-0.999092272,0.0016666666666666668h,True,1626919363,,,,,,,,,2000000000000.0,[{'address': '0x4b31a0cfb740c6976dc80bf545e6eef1b9a90568'}],
12366230,2021-05-04,0x6d525f7d46d7d4f35d40568ebb650fef1920a961,1.78e-06,1e-18,1e-18,0x8ef343a3586c1a2166df99532f716849c3737064,SoundCandy,CNDY,1.78e-06,18,8,0x470f806898f9a22a40a584224127a497218e1216,18,0xc02aaa39b223fe8d0a0e5c4f27ead9083c756cc2,Wrapped Ether,WETH,545617.5446,60733927,0.0014,14.0,1620314570,2021-05-07 0:22,2,5,1,9174,14280,176193,3,2,176193,swap,1620148736,2021-05-05 2:18,0.0014,3.93e-11,-0.999999972,2.8775h,True,1620148736,,,,,,,,,1000000000.0,[{'address': '0x470f806898f9a22a40a584224127a497218e1216'}],
11226125,2020-11-09,0x9de0a2947920f7572c7135b8db20921d30e32465,0.01,5.9e-09,5.9e-09,0x47ff1cd6fed12da186387ffd08a98dc4d92746b7,SPYDER,🕷,0.01,2,6,0x463606afaaa22af2d4b5de2e9b2679b939ae6984,18,0xc02aaa39b223fe8d0a0e5c4f27ead9083c756cc2,Wrapped Ether,WETH,545289.5436,60733965,0.1,50.0,1604963639,2020-11-10 8:13,2,2,2,441,1129,1095,2,0,1454,burn,1604962922,2020-11-10 8:02,0.1,4.47e-09,-0.999999955,0.20472222222222222h,True,1604962922,,,,,,,,,1000.0,[{'address': '0x463606afaaa22af2d4b5de2e9b2679b939ae6984'}],
11239307,2020-11-11,0x6b16a8e3697e9690cf17a9f5203e0ce1350b4ca6,0.009174188,0.18213394,0.009174188,0xf7970499814654cd13cb7b6e7634a12a7a8a9abc,TOM,TOM,0.298695363,18,147,0x44b34719c8d560f179fed21acacefc27b96afdf8,18,0xc02aaa39b223fe8d0a0e5c4f27ead9083c756cc2,Wrapped Ether,WETH,545289.5436,60733965,0.01,0.001,1634795680,2021-10-21 5:54,7,48,2,796854,6158619,2753812,28,20,29657898,burn,1605164834,2020-11-12 7:07,0.01,3.16e-15,-1.0,7.514444444444444h,True,1605164834,,,,,,,,,25000.0,[{'address': '0x44b34719c8d560f179fed21acacefc27b96afdf8'}],
11644319,2021-01-13,0xec46e2a08a2c810c50e281fa3735e764b5992cff,600011.1,0.083375329,0.083375329,0xb8dc0fb3c38cca1a8453d63fcb2d37915c337611,DONOTBUYME,DNB,600011.1,18,16,0x4032bee9f114f29e0cff0e454f9b7bc1ba30e1a2,18,0xc02aaa39b223fe8d0a0e5c4f27ead9083c756cc2,Wrapped Ether,WETH,545289.5436,60733965,0.1,100000.0,1610521382,2021-01-13 7:03,4,7,5,5271,7379,7691,0,7,10545,burn,1610512563,2021-01-13 4:36,0.1,1e-18,-1.0,0.47944444444444445h,True,1610512563,,,,,,,,,1000000.0,[{'address': '0x4032bee9f114f29e0cff0e454f9b7bc1ba30e1a2'}],
11747255,2021-01-28,0x068fa2fd3ae177ca4e2906ffb3ff484ac3ed1be9,41347.32962,0.171307682,0.171307682,0x9a717433c826e1f777d785a32ef95cd2335de2e3,BOMBSHELL,BNBv1,41347.32962,18,35,0x3c5111398ca4400e6ed28ba5a4ef9402519405a0,18,0xc02aaa39b223fe8d0a0e5c4f27ead9083c756cc2,Wrapped Ether,WETH,545613.2252,60733960,0.1,1000000.0,1629379424,2021-08-19 13:23,20,6,9,8138612,2464340,8780577,6,0,17503733,burn,1611875776,2021-01-28 23:16,0.1,1e-18,-1.0,0.02361111111111111h,True,1611875776,,,,,,,,,1000000.0,[{'address': '0x3c5111398ca4400e6ed28ba5a4ef9402519405a0'}],
11451113,2020-12-14,0xbffa9825f17a07fa1a06904365c2381c74ae02de,1e-18,0.02,0.02,0xb786e8ce4e9ab324f5d1e804aa6bd2e8531ab662,MINEv3,FKR,1e-18,18,15,0x3c5111398ca4400e6ed28ba5a4ef9402519405a0,18,0xc02aaa39b223fe8d0a0e5c4f27ead9083c756cc2,Wrapped Ether,WETH,545289.5436,60733965,0.15,10000.0,1619543942,2021-04-27 17:19,9,1,5,9016608,11595146,6955762,1,0,11595146,burn,1607948851,2020-12-14 12:27,0.15,4e-18,-1.0,0.015277777777777777h,True,1607948851,,,,,,,,,10000.0,[{'address': '0x3c5111398ca4400e6ed28ba5a4ef9402519405a0'}],
11266902,2020-11-16,0xae0da6b5a09aa2b05cb2741be43fe13fc539f26a,7.3e-13,3e-18,6e-18,0x43a08eafda32fb32bcef6f0fc6c8bbdd0794e6cb,Sav4Token,Sav4,7.3e-13,18,6,0x38cdb6b7f65e149b5e70acf956c77af0ec8fef36,18,0xc02aaa39b223fe8d0a0e5c4f27ead9083c756cc2,Wrapped Ether,WETH,545289.5436,60733965,1.0,534685.0,1605505180,2020-11-16 14:39,2,2,2,47,492,1174,2,0,2279,burn,1605502970,2020-11-16 14:02,1.0,2e-18,-1.0,0.019166666666666665h,True,1605502970,,,,,,,,,26734226.0,[{'address': '0x38cdb6b7f65e149b5e70acf956c77af0ec8fef36'}],
12633278,2021-06-14,0xa0224d5712d3bfe56927d9889ec7bedb2db52669,0.009812767,1e-18,1e-18,0x5f5abe6fc34fc386c22123a920b19fa473676cf1,DONT BUY,0 BUY,0.009812767,9,7,0x33ef4b99e974f7cfe50316a585983a1110c08d76,18,0xc02aaa39b223fe8d0a0e5c4f27ead9083c756cc2,Wrapped Ether,WETH,545612.5421,60733885,1.0,1e+17,1623683265,2021-06-15 0:07,1,5,1,0,0,99,5,0,99,burn,1623683265,2021-06-15 0:07,1.04,1e-18,-1.0,0.0275h,True,1623683265,,,,,,,,,1e+17,[{'address': '0x33ef4b99e974f7cfe50316a585983a1110c08d76'}],
12708117,2021-06-26,0x291b0052dc3f24a56e97fff18429d9650b9facd0,100000000000.0,1e-18,1e-18,0xb6f37dffd9548e1d38e553bf7d2632f1db6fa8f4,Floki,FLOKI,100000000000.0,18,6,0x33eabe13ac709c610042ab3c84e3450f8ea95305,18,0xc02aaa39b223fe8d0a0e5c4f27ead9083c756cc2,Wrapped Ether,WETH,545612.5421,60733885,2.0,1000000000000000.0,1624689816,2021-06-26 15:43,1,4,1,0,161,40,2,2,286,burn,1624689570,2021-06-26 15:39,2.0,1e-18,-1.0,0.011111111111111112h,True,1624689570,,,,,,,,,1000000000000000.0,[{'address': '0x33eabe13ac709c610042ab3c84e3450f8ea95305'}],
12249442,2021-04-16,0x45501b8ee20805bd8e526724cb286e4c4ec70f3f,3.6e-14,2.9e-17,5.8e-17,0x1af426ff990e1e2693245a11687e44f448c1da03,Polkadex,PDEX,3.6e-14,18,6,0x335eab51f41e5da32637f8c15a4ab30242f0dee7,18,0xc02aaa39b223fe8d0a0e5c4f27ead9083c756cc2,Wrapped Ether,WETH,545617.5446,60733927,230.0,300000.0,1618579675,2021-04-16 22:27,2,2,2,8686,23862,14660,2,0,25373,burn,1618558249,2021-04-16 16:30,230.0,2.8e-17,-1.0,1.0963888888888889h,True,1618558249,,,,,,,,,100000000.0,[{'address': '0x335eab51f41e5da32637f8c15a4ab30242f0dee7'}],
12516055,2021-05-27,0x64a9509883235e6aa91bc931df2907824d95e6eb,1.05e-13,1e-17,2e-17,0xa256bb8150d6d1ca274d43e25e694feca7aa65bf,Blatch,BLTCH,1.05e-13,18,7,0x320321596984f6e964a50fe0142738527dff2e9b,18,0xc02aaa39b223fe8d0a0e5c4f27ead9083c756cc2,Wrapped Ether,WETH,545613.599,60733891,4.0,50000.0,1623182879,2021-06-09 5:07,2,3,2,515420,1032704,605401,3,0,1068820,burn,1622256041,2021-05-29 11:40,4.0,9e-18,-1.0,39.43944444444445h,True,1622256041,,,,,,,,,1000000000.0,[{'address': '0x320321596984f6e964a50fe0142738527dff2e9b'}],
10987667,2020-10-04,0x05a6c7a182019ae1e6cbd3dd1a38e40e0d65dbad,6.441220928,0.001283076,0.001283076,0x761137dd355d2c86633f954feb0567af4d556dd1,Unipig,PIGI,6.44122093,18,480,0x3157ccb761242c8f7218db1c525e607a1df5f36d,18,0xc02aaa39b223fe8d0a0e5c4f27ead9083c756cc2,Wrapped Ether,WETH,545293.6134,60734001,1.0,2000.0,1625405236,2021-07-04 13:27,18,183,11,921448,1083127,970378,108,75,23613619,burn,1601792763,2020-10-04 6:26,1.0,2.3e-17,-1.0,0.31833333333333336h,True,1601792763,,,,,,,,,21000000.0,[{'address': '0x3157ccb761242c8f7218db1c525e607a1df5f36d'}],
11456644,2020-12-15,0x099ae1da810876ef652b25b5d4e07aee4c6cc8a7,7.8e-14,1.4e-17,2.8e-17,0x662b05e9b957574d2364bc2428047361da14cb02,ABS,ABS,7.8e-14,18,20,0x30f9d145ebb6241db8827290af1555b6e2c57c66,18,0xc02aaa39b223fe8d0a0e5c4f27ead9083c756cc2,Wrapped Ether,WETH,545289.5436,60733965,50.0,490000.0,1608098908,2020-12-16 6:08,2,16,2,252,1877,38477,12,4,76802,burn,1608022259,2020-12-15 8:50,50.00296602,1.1e-17,-1.0,0.0425h,True,1608022259,,,,,,,,,2000000.0,[{'address': '0x30f9d145ebb6241db8827290af1555b6e2c57c66'}],
11115518,2020-10-23,0x8cbf569658fdf024f96a46c31fcfd98ce975b651,0.005,205006.595,0.005,0xcee4019fd41ecdc8bae9efdd20510f4b6faa6197,Nollya Coin,NLYA,205006.595,18,7,0x2fffc3fc7e9a9f7209555d7605aedc78debb1b47,18,0xc02aaa39b223fe8d0a0e5c4f27ead9083c756cc2,Wrapped Ether,WETH,545292.2038,60734008,0.010457065,358330.596,1622288896,2021-05-29 20:48,4,1,2,5283421,11527001,9396626,0,1,18793046,burn,1603496232,2020-10-24 8:37,0.010457065,1e-18,-1.0,0.10611111111111111h,True,1603496232,,,,,,,,,100000000.0,[{'address': '0x2fffc3fc7e9a9f7209555d7605aedc78debb1b47'}],
11329799,2020-11-25,0x51c7e71eda2095b1a490aea748f653661dab29a7,100000.0,1e-18,1e-18,0xa18b82521627dcc7f6a35aadaf578e460a05e292,teyt,TEYT,100000.0,18,27,0x2e3b4509b9a32c4d8d68de7b47e4b95142beae97,18,0xc02aaa39b223fe8d0a0e5c4f27ead9083c756cc2,Wrapped Ether,WETH,545289.5436,60733965,30.0,100000.0,1606339299,2020-11-25 21:21,8,11,8,916,1103,1076,9,2,1835,burn,1606337874,2020-11-25 20:57,40.0,2.4e-17,-1.0,0.11388888888888889h,True,1606337874,,,,,,,,,100000.0,[{'address': '0x2e3b4509b9a32c4d8d68de7b47e4b95142beae97'}],
12508174,2021-05-26,0x35fb287382edee2c7522d03fca3ce2735140bda5,1e-18,5.39e-10,1e-18,0xf1a9e30fcf023145939d9c56e5c79440c99707b3,Pichi Coin,PIC,5.39e-10,18,8,0x26a18b2c9d2f4d4ec22622851a040e7e5511fffe,18,0xc02aaa39b223fe8d0a0e5c4f27ead9083c756cc2,Wrapped Ether,WETH,545613.599,60733891,0.1,500000000.0,1622100069,2021-05-27 16:21,3,2,3,8953,25550,31421,1,1,92332,burn,1622008098,2021-05-26 14:48,0.1,1e-18,-1.0,0.10027777777777777h,True,1622008098,,,,,,,,,1800000000.0,[{'address': '0x26a18b2c9d2f4d4ec22622851a040e7e5511fffe'}],
11150663,2020-10-29,0xa38f82069761ca8bdd27ccbd7e39029e6cbd5abb,11.90235795,0.009876995,0.009876995,0x4da091be57c8bb022cd9ea83dfb1b09ec7a90472,HYDROSTANDART,HRS,11.90235795,18,27,0x25beb76684ef0ba98347fe69e4d805be76f7942c,18,0xc02aaa39b223fe8d0a0e5c4f27ead9083c756cc2,Wrapped Ether,WETH,545293.6134,60734001,0.1,0.1,1606678606,2020-11-29 19:36,3,23,1,789129,260921,5734,0,23,2716309,burn,1603968031,2020-10-29 10:40,0.1,1e-15,-1.0,1.5927777777777778h,True,1603968031,,,,,,,,,20000000.0,[{'address': '0x25beb76684ef0ba98347fe69e4d805be76f7942c'}],
11239073,2020-11-11,0x9cc05514e1db9a881245282259e02f08b48a0626,0.011505776,55.1298945,0.011505776,0xc7673cca58ffe762e04b48527614fe4cb3535f55,Keep3rX,KP3RX,55.1298945,18,49,0x2489f238ed3dbb69359746b0fa75e378bf26122b,18,0xc02aaa39b223fe8d0a0e5c4f27ead9083c756cc2,Wrapped Ether,WETH,545289.5436,60733965,0.1,1e-16,1625447004,2021-07-05 1:03,4,45,0,20289,624658,0,15,30,20312361,swap,1605134847,2020-11-11 22:47,0.1,2.01e-14,-1.0,0.056666666666666664h,True,1605134847,,,,,,,,,30000.0,[{'address': '0x2489f238ed3dbb69359746b0fa75e378bf26122b'}],
11466053,2020-12-16,0xcf1e33c6c70d4a96a272023fbfbb41ba5c5c596b,0.01,2.4e-14,2.4e-14,0x003e0af2916e598fa5ea5cb2da4edfda9aed9fde,Basis Dollar,BSD,0.01,18,51,0x236d44343649005659fef4f675d74724c75638d5,18,0xc02aaa39b223fe8d0a0e5c4f27ead9083c756cc2,Wrapped Ether,WETH,545289.5436,60733965,0.01,1e-05,1616270958,2021-03-20 20:09,5,43,3,1613243,2255971,2016034,21,22,8124517,swap,1608322787,2020-12-18 20:19,0.01,1.54e-06,-0.999846419,48.985h,True,1608322787,,,,,,,,,1.0,[{'address': '0x236d44343649005659fef4f675d74724c75638d5'}],
12011904,2021-03-10,0x68747bf74340a73b4d0d8b9789d3e423d3e435c7,9.14e-15,1.12e-16,1.12e-16,0x34c1b0befe829a1aedbef504c3618fd5de6e89fb,OnlyNFTs,ONLY,9.14e-15,18,10,0x224b6a41e63678dc8938dff642122fd19f599767,18,0xc02aaa39b223fe8d0a0e5c4f27ead9083c756cc2,Wrapped Ether,WETH,545617.5446,60733927,0.001,1.0,1631193953,2021-09-09 22:25,2,5,3,3632,3142598,5293860,5,0,15799879,burn,1615394267,2021-03-11 1:37,0.001,3.2e-17,-1.0,0.05361111111111111h,True,1615394267,,,,,,,,,10000000.0,[{'address': '0x224b6a41e63678dc8938dff642122fd19f599767'}],
12225528,2021-04-12,0xe36b92e2517eb193d904a0a70f24b782300eb00f,2.57e-14,4e-17,8e-17,0x8fca71b9ab41c7e19a91e98e310329972a9c857d,Beyond Finance,BYN,2.57e-14,18,37,0x1a774681b6f2eeadb45589e4dede5d3b4bea8d8e,18,0xc02aaa39b223fe8d0a0e5c4f27ead9083c756cc2,Wrapped Ether,WETH,545617.5446,60733927,100.0,4300000.0,1618287228,2021-04-13 4:13,2,33,2,638,3467,26867,31,2,52813,burn,1618235336,2021-04-12 13:48,100.0,1.0,-0.99,0.25583333333333336h,True,1618235336,,,,,,,,,100000000.0,[{'address': '0x1a774681b6f2eeadb45589e4dede5d3b4bea8d8e'}],
11001394,2020-10-06,0x6c7ec6b3fe0ed60c8efff0e07548764bd9c5bf4d,9.1e-16,1.1e-15,1.1e-15,0x86e28d13c30b8f2bb8188b219a66cc354b4ceee5,111,111,9.1e-16,18,11,0x1729f93e3c3c74b503b8130516984ced70bf47d9,18,0xc02aaa39b223fe8d0a0e5c4f27ead9083c756cc2,Wrapped Ether,WETH,545293.6134,60734001,0.1,0.1,1602045632,2020-10-07 13:40,5,1,5,6221,20800,18203,1,0,69351,burn,1601977131,2020-10-06 18:38,0.1,1e-15,-1.0,0.2361111111111111h,True,1601977131,,,,,,,,,10.0,[{'address': '0x1729f93e3c3c74b503b8130516984ced70bf47d9'}],
11123452,2020-10-25,0xc46df07eaffaeb8a713bc9856da88309f3883b87,1e-18,9.56e-08,1e-18,0xe973cb9b11b104afc0618d10f538b4bbff4bc678,BAT TOKEN,BAT,51144508.85,18,18,0x170143c54ba2ad3cc65c90ea7305d4dfb96124e9,18,0xc02aaa39b223fe8d0a0e5c4f27ead9083c756cc2,Wrapped Ether,WETH,545292.2038,60734008,0.1,999.0,1624618394,2021-06-25 10:53,1,13,1,0,5178551,21017584,9,4,21017584,swap,1603600813,2020-10-25 4:40,0.1,1e-05,-0.999899999,0.0008333333333333334h,True,1603600813,,,,,,,,,1000000000000000.0,[{'address': '0x170143c54ba2ad3cc65c90ea7305d4dfb96124e9'}],
11129720,2020-10-26,0xb6c25993acb246f3c690e62b0bae2656bf4932fc,2.63e-14,3.9e-17,3.9e-17,0x6df428af6b30a01f99dc10a8f3ffad6f3d64885f,STAY POOR,POOR,19330.7933,18,544,0x16a76445019ec9d8b1244f22a0d5b40ca352bc74,18,0xc02aaa39b223fe8d0a0e5c4f27ead9083c756cc2,Wrapped Ether,WETH,545292.2038,60734008,0.1,69.0,1603684227,2020-10-26 12:50,1,0,1,0,0,125,0,0,125,burn,1603684227,2020-10-26 12:50,0.1,3.9e-17,-1.0,0.034722222222222224h,True,1603684227,,,,,,,,,42069.0,[{'address': '0x16a76445019ec9d8b1244f22a0d5b40ca352bc74'}],
12408739,2021-05-10,0x043eb3bfc9b5ebe6403967c50f0e87fa7dd9e276,1.13e-11,3.89e-08,3.89e-08,0x29f8036444240569fc863f061a18d42ff8ea8b3f,KAIKEN INU,KINU,1.13e-11,18,16,0x0b50a925a4274b4d05eff33b32e21064506b3f67,18,0xc02aaa39b223fe8d0a0e5c4f27ead9083c756cc2,Wrapped Ether,WETH,545617.5446,60733927,2.3,10000000000000.0,1626636423,2021-07-18 19:27,1,14,1,0,4692846,314,9,5,5959138,burn,1620677599,2021-05-10 20:13,2.3,1e-18,-1.0,0.08722222222222223h,True,1620677599,,,,,,,,,10000000000000.0,[{'address': '0x0b50a925a4274b4d05eff33b32e21064506b3f67'}],
13193493,2021-09-09,0xb4203a3562121426357b6516a27498d461ba02c8,4.67e-06,0.010021454,0.010021454,0xb4b92f71a4aab1ad4c3cb0f30bc152aa62dea1d0,Testing Do Not Buy,TDNB,4.67e-06,18,11,0x089fa1cc60a9a370ac5b65ed859ea63d13f9ffac,18,0xc02aaa39b223fe8d0a0e5c4f27ead9083c756cc2,Wrapped Ether,WETH,545598.4642,60733850,0.009,10000000000.0,1631276458,2021-09-10 21:20,9,1,1,21737,59497,1656,1,0,60003,burn,1631218111,2021-09-10 5:08,0.009,1e-18,-1.0,0.46h,True,1631218111,,,,,,,,,10000000000.0,[{'address': '0x089fa1cc60a9a370ac5b65ed859ea63d13f9ffac'}],
11267774,2020-11-16,0xf898a2f5ee0816337ed70c509cf5a467cd5caaaa,0.000976545,5.93e-12,0.000976545,0xf25c91c87e0b1fd9b4064af0f427157aab0193a7,BASIC Token,BASIC,6.96e-07,18,23,0x06cbfe26a490f6e77d143830aa73e1b26ce3fa06,18,0xc02aaa39b223fe8d0a0e5c4f27ead9083c756cc2,Wrapped Ether,WETH,545289.5436,60733965,0.001,30.0,1626819109,2021-07-21 7:11,1,5,1,0,16917255,1071,3,2,21304677,burn,1605515503,2020-11-16 17:31,0.001,6e-18,-1.0,0.2975h,True,1605515503,,,,,,,,,10000000000.0,[{'address': '0x06cbfe26a490f6e77d143830aa73e1b26ce3fa06'}],
